<?xml version="1.0" encoding="UTF-8"?>
<extentreports>
    <configuration>
        <!-- report theme -->
        <!-- standard, dark -->
        <theme>standard</theme>
    
        <!-- document encoding -->
        <!-- defaults to UTF-8 -->
        <encoding>UTF-8</encoding>
        
        <!-- protocol for script and stylesheets -->
        <!-- defaults to https -->
        <protocol>https</protocol>
        
        <!-- title of the document -->
        <documentTitle>Appium Mobile Automation Framework</documentTitle>
        
        <!-- report name - displayed at top-nav -->
        <reportName>Test Results</reportName>

		<!-- timestamp format -->
		<timeStampFormat>MMM dd, yyyy HH:mm:ss</timeStampFormat>
		
        <!-- custom javascript -->
        <scripts>
            <![CDATA[
                $(document).ready(function() {
                    
                });
            ]]>
        </scripts>
        
        <!-- custom styles -->
        <styles>
            <![CDATA[
                
            ]]>
        </styles>
    </configuration>
</extentreports>


