<?xml version="1.0" encoding="UTF-8"?>
<!DOCTYPE suite SYSTEM "https://testng.org/testng-1.0.dtd">
<suite name="Suite" parallel="false">
<listeners>
<listener class-name="com.android.listeners.TestListener"/>
</listeners>
  <test name="Test">
  <parameter name="platformName" value="Android"/>
  <parameter name="platformVersion" value="8.0"/>
  <parameter name="deviceName" value="G2299"/>
    <classes>
      <class name="com.app.scripts.AnazonShoppingTest"/> 
    </classes>
  </test> 
</suite>
